{"cameraMode":{"drawMode":0,"name":"Shaded","section":"Shading Mode"},"sceneLighting":false,"audioPlay":false,"sceneViewState":{"m_AlwaysRefresh":false,"showFog":true,"showSkybox":false,"showFlares":true,"showImageEffects":true,"showParticleSystems":true,"showVisualEffectGraphs":true,"m_FxEnabled":true},"in2DMode":false,"pivot":{"x":-0.38309741020202639,"y":-11.245401382446289,"z":-0.046295881271362308},"rotation":{"x":-0.022800710052251817,"y":0.024588316679000856,"z":-0.0005609388463199139,"w":-0.9994339942932129},"size":7.512166500091553,"orthographic":false}